{"cameraMode":{"drawMode":0,"name":"Shaded","section":"Shading Mode"},"sceneLighting":false,"audioPlay":false,"sceneViewState":{"m_AlwaysRefresh":false,"showFog":true,"showSkybox":false,"showFlares":true,"showImageEffects":true,"showParticleSystems":true,"showVisualEffectGraphs":true,"m_FxEnabled":true},"in2DMode":false,"pivot":{"x":-2.7707974910736086,"y":-0.9521711468696594,"z":0.21222533285617829},"rotation":{"x":-0.08197720348834992,"y":0.6356688737869263,"z":-0.06815356016159058,"w":-0.7645751237869263},"size":2.5350916385650636,"orthographic":false}